<?xml version="1.0" encoding="UTF-8"?>
<metadata xml:lang="en"><Esri><CreaDate>20240810</CreaDate><CreaTime>13540600</CreaTime><ArcGISFormat>1.0</ArcGISFormat><SyncOnce>TRUE</SyncOnce><DataProperties><lineage><Process ToolSource="c:\program files (x86)\arcgis\desktop10.5\ArcToolbox\Toolboxes\Conversion Tools.tbx\RasterToPolygon" Date="20230221" Time="143300">RasterToPolygon subbasin_int C:\Users\hopkinsl\Documents\IMWEBsProject\GullyCreek\0221_GUL4\SubareaLayer\Subarea.gdb\Process\subbasin NO_SIMPLIFY Value</Process><Process ToolSource="d:\arcgis10.8\desktop10.8\ArcToolbox\Toolboxes\Data Management Tools.tbx\RepairGeometry" Date="20240810" Time="150837">RepairGeometry subbasin DELETE_NULL</Process></lineage></DataProperties></Esri></metadata>
